<?xml version="1.0" encoding="UTF-8"?>
<project version="4">
  <component name="ChangeListManager">
    <list default="true" id="2cb8df61-754c-41e1-a3b3-6988b2622008" name="Changes" comment="" />
    <option name="SHOW_DIALOG" value="false" />
    <option name="HIGHLIGHT_CONFLICTS" value="true" />
    <option name="HIGHLIGHT_NON_ACTIVE_CHANGELIST" value="false" />
    <option name="LAST_RESOLUTION" value="IGNORE" />
  </component>
  <component name="FileTemplateManagerImpl">
    <option name="RECENT_TEMPLATES">
      <list>
        <option value="CSS File" />
        <option value="HTML File" />
      </list>
    </option>
  </component>
  <component name="MarkdownSettingsMigration">
    <option name="stateVersion" value="1" />
  </component>
  <component name="ProjectId" id="22YC1jqG2RbNmDcfBXRmiTtwVFW" />
  <component name="ProjectViewState">
    <option name="hideEmptyMiddlePackages" value="true" />
    <option name="showLibraryContents" value="true" />
  </component>
  <component name="PropertiesComponent">
    <property name="DefaultHtmlFileTemplate" value="HTML File" />
    <property name="RunOnceActivity.OpenProjectViewOnStart" value="true" />
    <property name="RunOnceActivity.ShowReadmeOnStart" value="true" />
    <property name="WebServerToolWindowFactoryState" value="false" />
    <property name="list.type.of.created.stylesheet" value="CSS" />
    <property name="vue.rearranger.settings.migration" value="true" />
  </component>
  <component name="RecentsManager">
    <key name="MoveFile.RECENT_KEYS">
      <recent name="C:\Users\starl\WebstormProjects\untitled\CSS" />
      <recent name="C:\Users\starl\WebstormProjects\untitled\PHOTO" />
    </key>
  </component>
  <component name="RunManager">
    <configuration name="1.html" type="JavascriptDebugType" temporary="true" nameIsGenerated="true" uri="http://localhost:63342/untitled/1.html" useBuiltInWebServerPort="true">
      <method v="2" />
    </configuration>
    <recent_temporary>
      <list>
        <item itemvalue="JavaScript Debug.1.html" />
      </list>
    </recent_temporary>
  </component>
  <component name="SpellCheckerSettings" RuntimeDictionaries="0" Folders="0" CustomDictionaries="0" DefaultDictionary="application-level" UseSingleDictionary="true" transferred="true" />
  <component name="TaskManager">
    <task active="true" id="Default" summary="Default task">
      <changelist id="2cb8df61-754c-41e1-a3b3-6988b2622008" name="Changes" comment="" />
      <created>1640004923691</created>
      <option name="number" value="Default" />
      <option name="presentableId" value="Default" />
      <updated>1640004923691</updated>
      <workItem from="1640004926178" duration="14000" />
      <workItem from="1640065757503" duration="329000" />
      <workItem from="1640097986648" duration="1105000" />
      <workItem from="1640099127363" duration="267000" />
      <workItem from="1640169031997" duration="595000" />
      <workItem from="1640343696059" duration="593000" />
      <workItem from="1640344679070" duration="1423000" />
      <workItem from="1640464571328" duration="1872000" />
      <workItem from="1640470715866" duration="995000" />
      <workItem from="1640602122927" duration="158000" />
      <workItem from="1640602892763" duration="106000" />
      <workItem from="1640603322287" duration="515000" />
      <workItem from="1640604508299" duration="3357000" />
      <workItem from="1640622845214" duration="34000" />
      <workItem from="1640779678390" duration="289000" />
      <workItem from="1640780749010" duration="1448000" />
      <workItem from="1640873505371" duration="346000" />
      <workItem from="1641314900586" duration="1527000" />
      <workItem from="1641972485038" duration="325000" />
      <workItem from="1642082425080" duration="1385000" />
      <workItem from="1642161338187" duration="2591000" />
      <workItem from="1642286443516" duration="756000" />
      <workItem from="1642359377342" duration="7774000" />
      <workItem from="1642428068357" duration="16659000" />
      <workItem from="1642449935787" duration="652000" />
      <workItem from="1642451765506" duration="775000" />
      <workItem from="1642490811324" duration="8321000" />
      <workItem from="1642507133271" duration="2350000" />
      <workItem from="1642510581535" duration="2900000" />
      <workItem from="1642513881739" duration="1416000" />
      <workItem from="1642615043071" duration="8646000" />
      <workItem from="1642626102335" duration="1709000" />
    </task>
    <servers />
  </component>
  <component name="TypeScriptGeneratedFilesManager">
    <option name="version" value="3" />
  </component>
</project>